{"pck": 0.45254892110824585, "fid": {"gaze": 1000, "headpose": 1000, "pose": 0.016031414270401, "word": 1000, "speaker": 1000, "bite": 1000}, "w1_acc": {"gaze": 1000, "headpose": 1000, "pose": 9.900142979696884, "word": 1000, "speaker": 1000, "bite": 1000}, "w1_vel": {"gaze": 1000, "headpose": 1000, "pose": 8.741222468008187, "word": 1000, "speaker": 1000, "bite": 1000}, "l2": {"gaze": 0, "headpose": 0, "pose": 0.0027071835938841105, "word": 0, "speaker": 0, "bite": 0}, "accuracy": {"speaker": 0.0, "bite": 0.0}, "f1": {"speaker": 0.0, "bite": 0.0}, "feature_mask": "pose_only", "feature_mask_list": [0.0, 0.0, 1.0, 0.0, 0.0, 0.0]}