{"pck": 0.4630441963672638, "fid": {"gaze": 1000, "headpose": 1000, "pose": 0.011056944727897644, "word": 1000, "speaker": 1000, "bite": 1000}, "w1_acc": {"gaze": 1000, "headpose": 1000, "pose": 10.890134996663807, "word": 1000, "speaker": 1000, "bite": 1000}, "w1_vel": {"gaze": 1000, "headpose": 1000, "pose": 9.1669265258551, "word": 1000, "speaker": 1000, "bite": 1000}, "l2": {"gaze": 0, "headpose": 0, "pose": 0.002583213383331895, "word": 0, "speaker": 0, "bite": 0}, "accuracy": {"speaker": 0.0, "bite": 0.0}, "f1": {"speaker": 0.0, "bite": 0.0}, "feature_mask": "pose_only", "feature_mask_list": [0.0, 0.0, 1.0, 0.0, 0.0, 0.0]}