{"pck": 0.44265514612197876, "fid": {"gaze": 0.004193317145109177, "headpose": 0.013239651918411255, "pose": 0.01637120544910431, "word": 1000, "speaker": 1000, "bite": 1000}, "w1_acc": {"gaze": 0.06162230626516344, "headpose": 0.018201738737453135, "pose": 12.188480006672387, "word": 1000, "speaker": 1000, "bite": 1000}, "w1_vel": {"gaze": 0.020628371474061935, "headpose": 0.012669316318528544, "pose": 9.67937954902241, "word": 1000, "speaker": 1000, "bite": 1000}, "l2": {"gaze": 0.0037475600838661194, "headpose": 0.002052683150395751, "pose": 0.002731631975620985, "word": 0, "speaker": 0, "bite": 0}, "accuracy": {"speaker": 1.0, "bite": 0.0}, "f1": {"speaker": 1.0, "bite": 0.0}, "feature_mask": "mask_bite", "feature_mask_list": [1.0, 1.0, 1.0, 1.0, 1.0, 0.0]}