{"pck": 0.5100196599960327, "fid": {"gaze": 0.002342764288187027, "headpose": 0.009973645210266113, "pose": 0.009073212742805481, "word": 1000, "speaker": 1000, "bite": 1000}, "w1_acc": {"gaze": 0.060118452975595864, "headpose": 0.01859271680700263, "pose": 10.935035387474977, "word": 1000, "speaker": 1000, "bite": 1000}, "w1_vel": {"gaze": 0.020150424181934835, "headpose": 0.013257170694612783, "pose": 8.7983682983683, "word": 1000, "speaker": 1000, "bite": 1000}, "l2": {"gaze": 0.003133778925985098, "headpose": 0.001774352858774364, "pose": 0.002077782293781638, "word": 0, "speaker": 0, "bite": 0}, "accuracy": {"speaker": 1.0, "bite": 0.0}, "f1": {"speaker": 1.0, "bite": 0.0}, "feature_mask": "mask_bite", "feature_mask_list": [1.0, 1.0, 1.0, 1.0, 1.0, 0.0]}