{"pck": 0.5186840295791626, "fid": {"gaze": 0.00437917560338974, "headpose": 1000, "pose": 0.006613284349441528, "word": 1000, "speaker": 1000, "bite": 1000}, "w1_acc": {"gaze": 0.05864206478045763, "headpose": 1000, "pose": 10.82206184169765, "word": 1000, "speaker": 1000, "bite": 1000}, "w1_vel": {"gaze": 0.02003543018226753, "headpose": 1000, "pose": 9.288850398113789, "word": 1000, "speaker": 1000, "bite": 1000}, "l2": {"gaze": 0.003901409450918436, "headpose": 0, "pose": 0.00204760255292058, "word": 0, "speaker": 0, "bite": 0}, "accuracy": {"speaker": 1.0, "bite": 1.0}, "f1": {"speaker": 1.0, "bite": 1.0}, "feature_mask": "mask_headpose", "feature_mask_list": [1.0, 0.0, 1.0, 1.0, 1.0, 1.0]}