{"pck": 0.4714561104774475, "fid": {"gaze": 0.005467422306537628, "headpose": 1000, "pose": 0.012685269117355347, "word": 1000, "speaker": 1000, "bite": 1000}, "w1_acc": {"gaze": 0.07361460818093472, "headpose": 1000, "pose": 11.5968766641028, "word": 1000, "speaker": 1000, "bite": 1000}, "w1_vel": {"gaze": 0.026890529149565294, "headpose": 1000, "pose": 9.583681321771156, "word": 1000, "speaker": 1000, "bite": 1000}, "l2": {"gaze": 0.00411725090816617, "headpose": 0, "pose": 0.0026836604811251163, "word": 0, "speaker": 0, "bite": 0}, "accuracy": {"speaker": 1.0, "bite": 1.0}, "f1": {"speaker": 1.0, "bite": 1.0}, "feature_mask": "mask_headpose", "feature_mask_list": [1.0, 0.0, 1.0, 1.0, 1.0, 1.0]}