{"pck": 0.44375079870224, "fid": {"gaze": 0.0016447454690933228, "headpose": 1000, "pose": 0.010342568159103394, "word": 1000, "speaker": 1000, "bite": 1000}, "w1_acc": {"gaze": 0.04543092489521064, "headpose": 1000, "pose": 10.844269757675889, "word": 1000, "speaker": 1000, "bite": 1000}, "w1_vel": {"gaze": 0.014395402121305747, "headpose": 1000, "pose": 9.066163763485193, "word": 1000, "speaker": 1000, "bite": 1000}, "l2": {"gaze": 0.003344157477840781, "headpose": 0, "pose": 0.0028135916218161583, "word": 0, "speaker": 0, "bite": 0}, "accuracy": {"speaker": 1.0, "bite": 1.0}, "f1": {"speaker": 1.0, "bite": 1.0}, "feature_mask": "mask_headpose", "feature_mask_list": [1.0, 0.0, 1.0, 1.0, 1.0, 1.0]}