{"pck": 0.4080922603607178, "fid": {"gaze": 0.0036433450877666473, "headpose": 1000, "pose": 0.023267194628715515, "word": 1000, "speaker": 1000, "bite": 1000}, "w1_acc": {"gaze": 0.05005554410316313, "headpose": 1000, "pose": 9.433573515688343, "word": 1000, "speaker": 1000, "bite": 1000}, "w1_vel": {"gaze": 0.01543438712113412, "headpose": 1000, "pose": 7.488275422402405, "word": 1000, "speaker": 1000, "bite": 1000}, "l2": {"gaze": 0.0036523924209177494, "headpose": 0, "pose": 0.0036706349346786737, "word": 0, "speaker": 0, "bite": 0}, "accuracy": {"speaker": 1.0, "bite": 1.0}, "f1": {"speaker": 1.0, "bite": 1.0}, "feature_mask": "mask_headpose", "feature_mask_list": [1.0, 0.0, 1.0, 1.0, 1.0, 1.0]}