{"pck": 0.39103901386260986, "fid": {"gaze": 0.004768909886479378, "headpose": 1000, "pose": 0.02708052098751068, "word": 1000, "speaker": 1000, "bite": 1000}, "w1_acc": {"gaze": 0.06076185719042865, "headpose": 1000, "pose": 10.59847071299209, "word": 1000, "speaker": 1000, "bite": 1000}, "w1_vel": {"gaze": 0.02016557353675057, "headpose": 1000, "pose": 9.07248882070311, "word": 1000, "speaker": 1000, "bite": 1000}, "l2": {"gaze": 0.00376329617574811, "headpose": 0, "pose": 0.0032637023832648993, "word": 0, "speaker": 0, "bite": 0}, "accuracy": {"speaker": 1.0, "bite": 1.0}, "f1": {"speaker": 1.0, "bite": 1.0}, "feature_mask": "mask_headpose", "feature_mask_list": [1.0, 0.0, 1.0, 1.0, 1.0, 1.0]}