{"pck": 0.0, "fid": {"gaze": 0.0016092248260974884, "headpose": 0.008612304925918579, "pose": 1000, "word": 1000, "speaker": 1000, "bite": 1000}, "w1_acc": {"gaze": 0.05924789496218072, "headpose": 0.017558929166072126, "pose": 1000, "word": 1000, "speaker": 1000, "bite": 1000}, "w1_vel": {"gaze": 0.019557520020912048, "headpose": 0.012223747059242916, "pose": 1000, "word": 1000, "speaker": 1000, "bite": 1000}, "l2": {"gaze": 0.0028487241361290216, "headpose": 0.0016916764434427023, "pose": 0, "word": 0, "speaker": 0, "bite": 0}, "accuracy": {"speaker": 1.0, "bite": 1.0}, "f1": {"speaker": 1.0, "bite": 1.0}, "feature_mask": "mask_pose", "feature_mask_list": [1.0, 1.0, 0.0, 1.0, 1.0, 1.0]}