{"pck": 0.0, "fid": {"gaze": 0.0036252494901418686, "headpose": 0.01785266399383545, "pose": 1000, "word": 1000, "speaker": 1000, "bite": 1000}, "w1_acc": {"gaze": 0.0601303458446316, "headpose": 0.017354074496931736, "pose": 1000, "word": 1000, "speaker": 1000, "bite": 1000}, "w1_vel": {"gaze": 0.02023775575675484, "headpose": 0.01135518404980871, "pose": 1000, "word": 1000, "speaker": 1000, "bite": 1000}, "l2": {"gaze": 0.003936869092285633, "headpose": 0.0021912329830229282, "pose": 0, "word": 0, "speaker": 0, "bite": 0}, "accuracy": {"speaker": 1.0, "bite": 1.0}, "f1": {"speaker": 1.0, "bite": 1.0}, "feature_mask": "mask_pose", "feature_mask_list": [1.0, 1.0, 0.0, 1.0, 1.0, 1.0]}