{"pck": 0.46640869975090027, "fid": {"gaze": 1000, "headpose": 0.009508967399597168, "pose": 0.011180907487869263, "word": 1000, "speaker": 1000, "bite": 1000}, "w1_acc": {"gaze": 1000, "headpose": 0.018108379715522673, "pose": 10.634425936517015, "word": 1000, "speaker": 1000, "bite": 1000}, "w1_vel": {"gaze": 1000, "headpose": 0.012417718210118587, "pose": 9.055320274963135, "word": 1000, "speaker": 1000, "bite": 1000}, "l2": {"gaze": 0, "headpose": 0.0018113116966560483, "pose": 0.0023116501979529858, "word": 0, "speaker": 0, "bite": 0}, "accuracy": {"speaker": 1.0, "bite": 1.0}, "f1": {"speaker": 1.0, "bite": 1.0}, "feature_mask": "mask_gaze", "feature_mask_list": [0.0, 1.0, 1.0, 1.0, 1.0, 1.0]}