{"pck": 0.4185618758201599, "fid": {"gaze": 1000, "headpose": 0.02677735686302185, "pose": 0.02878105640411377, "word": 1000, "speaker": 1000, "bite": 1000}, "w1_acc": {"gaze": 1000, "headpose": 0.017134353741496713, "pose": 10.02559455723954, "word": 1000, "speaker": 1000, "bite": 1000}, "w1_vel": {"gaze": 1000, "headpose": 0.01091466457546162, "pose": 8.238342015127731, "word": 1000, "speaker": 1000, "bite": 1000}, "l2": {"gaze": 0, "headpose": 0.002388088498264551, "pose": 0.00305395619943738, "word": 0, "speaker": 0, "bite": 0}, "accuracy": {"speaker": 1.0, "bite": 1.0}, "f1": {"speaker": 1.0, "bite": 1.0}, "feature_mask": "mask_gaze", "feature_mask_list": [0.0, 1.0, 1.0, 1.0, 1.0, 1.0]}