{"pck": 0.5033199787139893, "fid": {"gaze": 1000, "headpose": 0.0039135366678237915, "pose": 0.007472336292266846, "word": 1000, "speaker": 1000, "bite": 1000}, "w1_acc": {"gaze": 1000, "headpose": 0.014373405612244882, "pose": 10.824920616480798, "word": 1000, "speaker": 1000, "bite": 1000}, "w1_vel": {"gaze": 1000, "headpose": 0.009736783673154193, "pose": 9.041960420531847, "word": 1000, "speaker": 1000, "bite": 1000}, "l2": {"gaze": 0, "headpose": 0.0015054893447086215, "pose": 0.0021137380972504616, "word": 0, "speaker": 0, "bite": 0}, "accuracy": {"speaker": 1.0, "bite": 1.0}, "f1": {"speaker": 1.0, "bite": 1.0}, "feature_mask": "mask_gaze", "feature_mask_list": [0.0, 1.0, 1.0, 1.0, 1.0, 1.0]}