{"pck": 0.45398393273353577, "fid": {"gaze": 1000, "headpose": 0.004452943801879883, "pose": 0.015340432524681091, "word": 1000, "speaker": 1000, "bite": 1000}, "w1_acc": {"gaze": 1000, "headpose": 0.021538453043555127, "pose": 11.429990379849913, "word": 1000, "speaker": 1000, "bite": 1000}, "w1_vel": {"gaze": 1000, "headpose": 0.012253685069950082, "pose": 9.558204801957134, "word": 1000, "speaker": 1000, "bite": 1000}, "l2": {"gaze": 0, "headpose": 0.0015831937780603766, "pose": 0.002845259616151452, "word": 0, "speaker": 0, "bite": 0}, "accuracy": {"speaker": 1.0, "bite": 1.0}, "f1": {"speaker": 1.0, "bite": 1.0}, "feature_mask": "mask_gaze", "feature_mask_list": [0.0, 1.0, 1.0, 1.0, 1.0, 1.0]}