{"pck": 0.43130388855934143, "fid": {"gaze": 1000, "headpose": 0.0056445300579071045, "pose": 0.013876229524612427, "word": 1000, "speaker": 1000, "bite": 1000}, "w1_acc": {"gaze": 1000, "headpose": 0.02301436988937, "pose": 9.462529257882414, "word": 1000, "speaker": 1000, "bite": 1000}, "w1_vel": {"gaze": 1000, "headpose": 0.013811442350598956, "pose": 8.205498007283722, "word": 1000, "speaker": 1000, "bite": 1000}, "l2": {"gaze": 0, "headpose": 0.001706675160676241, "pose": 0.0028694889042526484, "word": 0, "speaker": 0, "bite": 0}, "accuracy": {"speaker": 1.0, "bite": 1.0}, "f1": {"speaker": 1.0, "bite": 1.0}, "feature_mask": "mask_gaze", "feature_mask_list": [0.0, 1.0, 1.0, 1.0, 1.0, 1.0]}