{"pck": 0.0, "fid": {"gaze": 0.0040954723954200745, "headpose": 0.004414290189743042, "pose": 1000, "word": 1000, "speaker": 1000, "bite": 1000}, "w1_acc": {"gaze": 0.05902906617192331, "headpose": 0.013255401592455153, "pose": 1000, "word": 1000, "speaker": 1000, "bite": 1000}, "w1_vel": {"gaze": 0.020276780197713916, "headpose": 0.009295113144887268, "pose": 1000, "word": 1000, "speaker": 1000, "bite": 1000}, "l2": {"gaze": 0.003851099405437708, "headpose": 0.0014991005882620811, "pose": 0, "word": 0, "speaker": 0, "bite": 0}, "accuracy": {"speaker": 1.0, "bite": 1.0}, "f1": {"speaker": 1.0, "bite": 1.0}, "feature_mask": "mask_pose", "feature_mask_list": [1.0, 1.0, 0.0, 1.0, 1.0, 1.0]}