{"pck": 0.0, "fid": {"gaze": 0.002227623015642166, "headpose": 0.007054448127746582, "pose": 1000, "word": 1000, "speaker": 1000, "bite": 1000}, "w1_acc": {"gaze": 0.04534052257266547, "headpose": 0.02335149969078555, "pose": 1000, "word": 1000, "speaker": 1000, "bite": 1000}, "w1_vel": {"gaze": 0.014307872515703847, "headpose": 0.013879449421618097, "pose": 1000, "word": 1000, "speaker": 1000, "bite": 1000}, "l2": {"gaze": 0.003369725774973631, "headpose": 0.001655112486332655, "pose": 0, "word": 0, "speaker": 0, "bite": 0}, "accuracy": {"speaker": 1.0, "bite": 1.0}, "f1": {"speaker": 1.0, "bite": 1.0}, "feature_mask": "mask_pose", "feature_mask_list": [1.0, 1.0, 0.0, 1.0, 1.0, 1.0]}