{"pck": 0.0, "fid": {"gaze": 0.001846611499786377, "headpose": 0.007999300956726074, "pose": 1000, "word": 1000, "speaker": 1000, "bite": 1000}, "w1_acc": {"gaze": 0.049120265390106645, "headpose": 0.03783870450537114, "pose": 1000, "word": 1000, "speaker": 1000, "bite": 1000}, "w1_vel": {"gaze": 0.015280304503865418, "headpose": 0.01964572439806711, "pose": 1000, "word": 1000, "speaker": 1000, "bite": 1000}, "l2": {"gaze": 0.003001956967636943, "headpose": 0.00220689014531672, "pose": 0, "word": 0, "speaker": 0, "bite": 0}, "accuracy": {"speaker": 1.0, "bite": 1.0}, "f1": {"speaker": 1.0, "bite": 1.0}, "feature_mask": "mask_pose", "feature_mask_list": [1.0, 1.0, 0.0, 1.0, 1.0, 1.0]}