{"pck": 0.48160234093666077, "fid": {"gaze": 0.005497284233570099, "headpose": 0.0035128891468048096, "pose": 0.00848706066608429, "word": 1000, "speaker": 1000, "bite": 1000}, "w1_acc": {"gaze": 0.05889740839517624, "headpose": 0.013798459724798984, "pose": 11.275910974287486, "word": 1000, "speaker": 1000, "bite": 1000}, "w1_vel": {"gaze": 0.020075494284831626, "headpose": 0.009826324528884801, "pose": 9.101514668367347, "word": 1000, "speaker": 1000, "bite": 1000}, "l2": {"gaze": 0.004294122103601694, "headpose": 0.001578672556206584, "pose": 0.0022750634234398603, "word": 0, "speaker": 0, "bite": 0}, "accuracy": {"speaker": 1.0, "bite": 1.0}, "f1": {"speaker": 1.0, "bite": 1.0}, "feature_mask": "mask_word", "feature_mask_list": [1.0, 1.0, 1.0, 0.0, 1.0, 1.0]}