{"pck": 0.4344663918018341, "fid": {"gaze": 0.00761442631483078, "headpose": 0.007163792848587036, "pose": 0.02118663489818573, "word": 1000, "speaker": 1000, "bite": 1000}, "w1_acc": {"gaze": 0.07447047000618429, "headpose": 0.021585111317254244, "pose": 13.096447949017042, "word": 1000, "speaker": 1000, "bite": 1000}, "w1_vel": {"gaze": 0.027279447460170348, "headpose": 0.012370360563131611, "pose": 10.121247031482419, "word": 1000, "speaker": 1000, "bite": 1000}, "l2": {"gaze": 0.004496992100030184, "headpose": 0.0017575976671651006, "pose": 0.003205673536285758, "word": 0, "speaker": 0, "bite": 0}, "accuracy": {"speaker": 1.0, "bite": 1.0}, "f1": {"speaker": 1.0, "bite": 1.0}, "feature_mask": "mask_word", "feature_mask_list": [1.0, 1.0, 1.0, 0.0, 1.0, 1.0]}