{"pck": 0.4404163956642151, "fid": {"gaze": 0.002369515597820282, "headpose": 0.007256358861923218, "pose": 0.01174163818359375, "word": 1000, "speaker": 1000, "bite": 1000}, "w1_acc": {"gaze": 0.04574013949013953, "headpose": 0.02308029272315, "pose": 10.079593057276604, "word": 1000, "speaker": 1000, "bite": 1000}, "w1_vel": {"gaze": 0.014553942264785636, "headpose": 0.014495589194384364, "pose": 8.491929499072358, "word": 1000, "speaker": 1000, "bite": 1000}, "l2": {"gaze": 0.0035409119445830584, "headpose": 0.0016942806541919708, "pose": 0.002873116172850132, "word": 0, "speaker": 0, "bite": 0}, "accuracy": {"speaker": 1.0, "bite": 1.0}, "f1": {"speaker": 1.0, "bite": 1.0}, "feature_mask": "mask_word", "feature_mask_list": [1.0, 1.0, 1.0, 0.0, 1.0, 1.0]}