{"pck": 0.4891273081302643, "fid": {"gaze": 0.002896636724472046, "headpose": 0.00956350564956665, "pose": 0.010216131806373596, "word": 1000, "speaker": 1000, "bite": 1000}, "w1_acc": {"gaze": 0.04946956335845222, "headpose": 0.03848423769058683, "pose": 9.39770870622791, "word": 1000, "speaker": 1000, "bite": 1000}, "w1_vel": {"gaze": 0.015180188941902473, "headpose": 0.020686163457247796, "pose": 7.540014659062278, "word": 1000, "speaker": 1000, "bite": 1000}, "l2": {"gaze": 0.0032510918099433184, "headpose": 0.002322904299944639, "pose": 0.002651515183970332, "word": 0, "speaker": 0, "bite": 0}, "accuracy": {"speaker": 1.0, "bite": 1.0}, "f1": {"speaker": 1.0, "bite": 1.0}, "feature_mask": "mask_word", "feature_mask_list": [1.0, 1.0, 1.0, 0.0, 1.0, 1.0]}