{"pck": 0.46606138348579407, "fid": {"gaze": 0.004156650975346565, "headpose": 0.01786080002784729, "pose": 0.015219464898109436, "word": 1000, "speaker": 1000, "bite": 1000}, "w1_acc": {"gaze": 0.06140199086627662, "headpose": 0.018100946672375353, "pose": 12.255744805071014, "word": 1000, "speaker": 1000, "bite": 1000}, "w1_vel": {"gaze": 0.02052113780566052, "headpose": 0.012475048121480004, "pose": 9.666086294657726, "word": 1000, "speaker": 1000, "bite": 1000}, "l2": {"gaze": 0.003688157070428133, "headpose": 0.0022683669812977314, "pose": 0.0025720447301864624, "word": 0, "speaker": 0, "bite": 0}, "accuracy": {"speaker": 1.0, "bite": 1.0}, "f1": {"speaker": 1.0, "bite": 1.0}, "feature_mask": "mask_word", "feature_mask_list": [1.0, 1.0, 1.0, 0.0, 1.0, 1.0]}