{"pck": 0.46266236901283264, "fid": {"gaze": 0.006445690989494324, "headpose": 0.005530267953872681, "pose": 0.010342583060264587, "word": 1000, "speaker": 1000, "bite": 1000}, "w1_acc": {"gaze": 0.0586896548392084, "headpose": 0.014661603277674653, "pose": 10.802875232342009, "word": 1000, "speaker": 1000, "bite": 1000}, "w1_vel": {"gaze": 0.020077907784986096, "headpose": 0.010011922690763097, "pose": 8.884969754947432, "word": 1000, "speaker": 1000, "bite": 1000}, "l2": {"gaze": 0.00448454637080431, "headpose": 0.0016881353221833706, "pose": 0.0023674338590353727, "word": 0, "speaker": 0, "bite": 0}, "accuracy": {"speaker": 1.0, "bite": 0.0}, "f1": {"speaker": 1.0, "bite": 0.0}, "feature_mask": "mask_bite", "feature_mask_list": [1.0, 1.0, 1.0, 1.0, 1.0, 0.0]}