{"pck": 0.4326089024543762, "fid": {"gaze": 0.005365598946809769, "headpose": 0.005952462553977966, "pose": 0.017703428864479065, "word": 1000, "speaker": 1000, "bite": 1000}, "w1_acc": {"gaze": 0.07404695644491564, "headpose": 0.022804852460464743, "pose": 11.309592963447814, "word": 1000, "speaker": 1000, "bite": 1000}, "w1_vel": {"gaze": 0.027093263162540272, "headpose": 0.013646895273401238, "pose": 9.538451509615664, "word": 1000, "speaker": 1000, "bite": 1000}, "l2": {"gaze": 0.0042052799835801125, "headpose": 0.0016134147299453616, "pose": 0.0029369723051786423, "word": 0, "speaker": 0, "bite": 0}, "accuracy": {"speaker": 1.0, "bite": 0.0}, "f1": {"speaker": 1.0, "bite": 0.0}, "feature_mask": "mask_bite", "feature_mask_list": [1.0, 1.0, 1.0, 1.0, 1.0, 0.0]}