{"pck": 0.4233880639076233, "fid": {"gaze": 0.002162668853998184, "headpose": 0.007509112358093262, "pose": 0.0155409574508667, "word": 1000, "speaker": 1000, "bite": 1000}, "w1_acc": {"gaze": 0.04560185185185189, "headpose": 0.023276772830344385, "pose": 10.277669351507638, "word": 1000, "speaker": 1000, "bite": 1000}, "w1_vel": {"gaze": 0.01431559571619814, "headpose": 0.014334903717433832, "pose": 8.636765615337044, "word": 1000, "speaker": 1000, "bite": 1000}, "l2": {"gaze": 0.003494912525638938, "headpose": 0.001721421955153346, "pose": 0.002955253701657057, "word": 0, "speaker": 0, "bite": 0}, "accuracy": {"speaker": 1.0, "bite": 0.0}, "f1": {"speaker": 1.0, "bite": 0.0}, "feature_mask": "mask_bite", "feature_mask_list": [1.0, 1.0, 1.0, 1.0, 1.0, 0.0]}