{"pck": 0.4758818745613098, "fid": {"gaze": 0.0032088682055473328, "headpose": 0.00816565752029419, "pose": 0.010841697454452515, "word": 1000, "speaker": 1000, "bite": 1000}, "w1_acc": {"gaze": 0.0490841903540316, "headpose": 0.03867549264374653, "pose": 9.927876833876423, "word": 1000, "speaker": 1000, "bite": 1000}, "w1_vel": {"gaze": 0.015364020183297302, "headpose": 0.02104028650213391, "pose": 7.78138070042832, "word": 1000, "speaker": 1000, "bite": 1000}, "l2": {"gaze": 0.003277414245530963, "headpose": 0.002254329388961196, "pose": 0.002714751986786723, "word": 0, "speaker": 0, "bite": 0}, "accuracy": {"speaker": 1.0, "bite": 0.0}, "f1": {"speaker": 1.0, "bite": 0.0}, "feature_mask": "mask_bite", "feature_mask_list": [1.0, 1.0, 1.0, 1.0, 1.0, 0.0]}