{"pck": 0.4766135811805725, "fid": {"gaze": 0.004724543541669846, "headpose": 0.029361307621002197, "pose": 0.019092991948127747, "word": 1000, "speaker": 1000, "bite": 1000}, "w1_acc": {"gaze": 0.06061260168403029, "headpose": 0.015328421578421673, "pose": 10.125614812696599, "word": 1000, "speaker": 1000, "bite": 1000}, "w1_vel": {"gaze": 0.019958235308096296, "headpose": 0.011930859532805779, "pose": 8.3227688977689, "word": 1000, "speaker": 1000, "bite": 1000}, "l2": {"gaze": 0.003782623680308461, "headpose": 0.0025068630930036306, "pose": 0.0025891137775033712, "word": 0, "speaker": 0, "bite": 0}, "accuracy": {"speaker": 1.0, "bite": 0.0}, "f1": {"speaker": 1.0, "bite": 0.0}, "feature_mask": "mask_bite", "feature_mask_list": [1.0, 1.0, 1.0, 1.0, 1.0, 0.0]}