{"pck": 0.44518253207206726, "fid": {"gaze": 0.01077112928032875, "headpose": 0.014533787965774536, "pose": 0.021651670336723328, "word": 1000, "speaker": 1000, "bite": 1000}, "w1_acc": {"gaze": 0.06045628478664192, "headpose": 0.015500589440321556, "pose": 11.427401835501863, "word": 1000, "speaker": 1000, "bite": 1000}, "w1_vel": {"gaze": 0.02075851482854494, "headpose": 0.009718441071980255, "pose": 9.184172077922076, "word": 1000, "speaker": 1000, "bite": 1000}, "l2": {"gaze": 0.005117789376527071, "headpose": 0.0020012485329061747, "pose": 0.0028498568572103977, "word": 0, "speaker": 0, "bite": 0}, "accuracy": {"speaker": 1.0, "bite": 1.0}, "f1": {"speaker": 1.0, "bite": 1.0}, "feature_mask": "multi", "feature_mask_list": [1.0, 1.0, 1.0, 1.0, 1.0, 1.0]}