{"pck": 0.43278756737709045, "fid": {"gaze": 0.006044574081897736, "headpose": 0.008121699094772339, "pose": 0.018807977437973022, "word": 1000, "speaker": 1000, "bite": 1000}, "w1_acc": {"gaze": 0.07392658362046119, "headpose": 0.022978509585652496, "pose": 11.661822340769364, "word": 1000, "speaker": 1000, "bite": 1000}, "w1_vel": {"gaze": 0.027164151109934233, "headpose": 0.013015523632993464, "pose": 9.627748268182255, "word": 1000, "speaker": 1000, "bite": 1000}, "l2": {"gaze": 0.004485729616135359, "headpose": 0.0017258442239835858, "pose": 0.0030959618743509054, "word": 0, "speaker": 0, "bite": 0}, "accuracy": {"speaker": 1.0, "bite": 1.0}, "f1": {"speaker": 1.0, "bite": 1.0}, "feature_mask": "multi", "feature_mask_list": [1.0, 1.0, 1.0, 1.0, 1.0, 1.0]}