{"pck": 0.4244046211242676, "fid": {"gaze": 0.0028282515704631805, "headpose": 0.00636214017868042, "pose": 0.017312198877334595, "word": 1000, "speaker": 1000, "bite": 1000}, "w1_acc": {"gaze": 0.045983001786573253, "headpose": 0.022706873153301842, "pose": 10.027683980448847, "word": 1000, "speaker": 1000, "bite": 1000}, "w1_vel": {"gaze": 0.01473736827652491, "headpose": 0.014377595853499448, "pose": 8.37243265993266, "word": 1000, "speaker": 1000, "bite": 1000}, "l2": {"gaze": 0.003522106446325779, "headpose": 0.0016553907189518213, "pose": 0.0029597003012895584, "word": 0, "speaker": 0, "bite": 0}, "accuracy": {"speaker": 1.0, "bite": 1.0}, "f1": {"speaker": 1.0, "bite": 1.0}, "feature_mask": "multi", "feature_mask_list": [1.0, 1.0, 1.0, 1.0, 1.0, 1.0]}