{"pck": 0.48147502541542053, "fid": {"gaze": 0.002421930432319641, "headpose": 0.007469356060028076, "pose": 0.009221017360687256, "word": 1000, "speaker": 1000, "bite": 1000}, "w1_acc": {"gaze": 0.049397031539888676, "headpose": 0.0384283118410102, "pose": 9.557557330151297, "word": 1000, "speaker": 1000, "bite": 1000}, "w1_vel": {"gaze": 0.01536440157591429, "headpose": 0.021512641258290513, "pose": 7.814615543186972, "word": 1000, "speaker": 1000, "bite": 1000}, "l2": {"gaze": 0.0031195988412946463, "headpose": 0.002229870529845357, "pose": 0.0027346129063516855, "word": 0, "speaker": 0, "bite": 0}, "accuracy": {"speaker": 1.0, "bite": 1.0}, "f1": {"speaker": 1.0, "bite": 1.0}, "feature_mask": "multi", "feature_mask_list": [1.0, 1.0, 1.0, 1.0, 1.0, 1.0]}