{"pck": 0.41827821731567383, "fid": {"gaze": 1000, "headpose": 1000, "pose": 0.013503342866897583, "word": 1000, "speaker": 1000, "bite": 1000}, "w1_acc": {"gaze": 1000, "headpose": 1000, "pose": 11.812868358890958, "word": 1000, "speaker": 1000, "bite": 1000}, "w1_vel": {"gaze": 1000, "headpose": 1000, "pose": 9.799113423778602, "word": 1000, "speaker": 1000, "bite": 1000}, "l2": {"gaze": 0, "headpose": 0, "pose": 0.00280580366961658, "word": 0, "speaker": 0, "bite": 0}, "accuracy": {"speaker": 0.0, "bite": 0.0}, "f1": {"speaker": 0.0, "bite": 0.0}, "feature_mask": "pose_only", "feature_mask_list": [0.0, 0.0, 1.0, 0.0, 0.0, 0.0]}