{"pck": 0.33056673407554626, "fid": {"gaze": 1000, "headpose": 1000, "pose": 0.03786955773830414, "word": 1000, "speaker": 1000, "bite": 1000}, "w1_acc": {"gaze": 1000, "headpose": 1000, "pose": 11.40187422552664, "word": 1000, "speaker": 1000, "bite": 1000}, "w1_vel": {"gaze": 1000, "headpose": 1000, "pose": 9.511638493781353, "word": 1000, "speaker": 1000, "bite": 1000}, "l2": {"gaze": 0, "headpose": 0, "pose": 0.0046998970210552216, "word": 0, "speaker": 0, "bite": 0}, "accuracy": {"speaker": 0.0, "bite": 0.0}, "f1": {"speaker": 0.0, "bite": 0.0}, "feature_mask": "pose_only", "feature_mask_list": [0.0, 0.0, 1.0, 0.0, 0.0, 0.0]}