{"pck": 0.4584793448448181, "fid": {"gaze": 0.0023140795528888702, "headpose": 0.00970548391342163, "pose": 0.01534321904182434, "word": 1000, "speaker": 1000, "bite": 1000}, "w1_acc": {"gaze": 0.060172268207982535, "headpose": 0.01727914942200668, "pose": 11.550658898103137, "word": 1000, "speaker": 1000, "bite": 1000}, "w1_vel": {"gaze": 0.019998039495259145, "headpose": 0.013431239751907045, "pose": 9.490874006945438, "word": 1000, "speaker": 1000, "bite": 1000}, "l2": {"gaze": 0.003488741349428892, "headpose": 0.0019133873283863068, "pose": 0.0025875496212393045, "word": 0, "speaker": 0, "bite": 0}, "accuracy": {"speaker": 0.0, "bite": 1.0}, "f1": {"speaker": 0.0, "bite": 1.0}, "feature_mask": "mask_speaker", "feature_mask_list": [1.0, 1.0, 1.0, 1.0, 0.0, 1.0]}