{"pck": 0.4357680082321167, "fid": {"gaze": 0.003952685743570328, "headpose": 0.016355454921722412, "pose": 0.018719717860221863, "word": 1000, "speaker": 1000, "bite": 1000}, "w1_acc": {"gaze": 0.06016988963417538, "headpose": 0.01758806669520966, "pose": 12.195258435802117, "word": 1000, "speaker": 1000, "bite": 1000}, "w1_vel": {"gaze": 0.01994843278439201, "headpose": 0.012468810151850007, "pose": 9.631373388516248, "word": 1000, "speaker": 1000, "bite": 1000}, "l2": {"gaze": 0.0035747571382671595, "headpose": 0.002204336691647768, "pose": 0.0027999659068882465, "word": 0, "speaker": 0, "bite": 0}, "accuracy": {"speaker": 0.0, "bite": 1.0}, "f1": {"speaker": 0.0, "bite": 1.0}, "feature_mask": "mask_speaker", "feature_mask_list": [1.0, 1.0, 1.0, 1.0, 0.0, 1.0]}