{"pck": 0.4650493562221527, "fid": {"gaze": 0.004863619804382324, "headpose": 0.027476370334625244, "pose": 0.01751115918159485, "word": 1000, "speaker": 1000, "bite": 1000}, "w1_acc": {"gaze": 0.06128038628038632, "headpose": 0.016864980257837527, "pose": 13.045378777046993, "word": 1000, "speaker": 1000, "bite": 1000}, "w1_vel": {"gaze": 0.020457272878496236, "headpose": 0.012635750100995713, "pose": 10.122940155083015, "word": 1000, "speaker": 1000, "bite": 1000}, "l2": {"gaze": 0.0036135937552899122, "headpose": 0.0025477823801338673, "pose": 0.0026647483464330435, "word": 0, "speaker": 0, "bite": 0}, "accuracy": {"speaker": 0.0, "bite": 1.0}, "f1": {"speaker": 0.0, "bite": 1.0}, "feature_mask": "mask_speaker", "feature_mask_list": [1.0, 1.0, 1.0, 1.0, 0.0, 1.0]}