{"pck": 0.47746899724006653, "fid": {"gaze": 0.0023264996707439423, "headpose": 0.009068131446838379, "pose": 0.010671257972717285, "word": 1000, "speaker": 1000, "bite": 1000}, "w1_acc": {"gaze": 0.060321821036106796, "headpose": 0.017799165120593787, "pose": 10.458853421980745, "word": 1000, "speaker": 1000, "bite": 1000}, "w1_vel": {"gaze": 0.019902390627599166, "headpose": 0.012971412276324232, "pose": 9.0104353979354, "word": 1000, "speaker": 1000, "bite": 1000}, "l2": {"gaze": 0.003101279027760029, "headpose": 0.0018172257114201784, "pose": 0.0022009017411619425, "word": 0, "speaker": 0, "bite": 0}, "accuracy": {"speaker": 1.0, "bite": 1.0}, "f1": {"speaker": 1.0, "bite": 1.0}, "feature_mask": "multi", "feature_mask_list": [1.0, 1.0, 1.0, 1.0, 1.0, 1.0]}