{"pck": 0.467218816280365, "fid": {"gaze": 0.004938604310154915, "headpose": 0.01718047261238098, "pose": 0.019434303045272827, "word": 1000, "speaker": 1000, "bite": 1000}, "w1_acc": {"gaze": 0.06160327767470629, "headpose": 0.017691831977546358, "pose": 11.738393027356784, "word": 1000, "speaker": 1000, "bite": 1000}, "w1_vel": {"gaze": 0.02062213350443194, "headpose": 0.01271446733680285, "pose": 9.451108415394135, "word": 1000, "speaker": 1000, "bite": 1000}, "l2": {"gaze": 0.0037112224381417036, "headpose": 0.002231745980679989, "pose": 0.002738939831033349, "word": 0, "speaker": 0, "bite": 0}, "accuracy": {"speaker": 1.0, "bite": 1.0}, "f1": {"speaker": 1.0, "bite": 1.0}, "feature_mask": "multi", "feature_mask_list": [1.0, 1.0, 1.0, 1.0, 1.0, 1.0]}