{"pck": 0.46962717175483704, "fid": {"gaze": 0.002574760466814041, "headpose": 0.009389907121658325, "pose": 0.014170363545417786, "word": 1000, "speaker": 1000, "bite": 1000}, "w1_acc": {"gaze": 0.05955027115741405, "headpose": 0.01775308025308037, "pose": 10.805212801448862, "word": 1000, "speaker": 1000, "bite": 1000}, "w1_vel": {"gaze": 0.019665347781659185, "headpose": 0.012534457356051422, "pose": 8.740922767708485, "word": 1000, "speaker": 1000, "bite": 1000}, "l2": {"gaze": 0.0034425146877765656, "headpose": 0.0019794562831521034, "pose": 0.0023428290151059628, "word": 0, "speaker": 0, "bite": 0}, "accuracy": {"speaker": 1.0, "bite": 1.0}, "f1": {"speaker": 1.0, "bite": 1.0}, "feature_mask": "multi", "feature_mask_list": [1.0, 1.0, 1.0, 1.0, 1.0, 1.0]}