{"pck": 0.0, "fid": {"gaze": 1000, "headpose": 0.014274150133132935, "pose": 1000, "word": 1000, "speaker": 1000, "bite": 1000}, "w1_acc": {"gaze": 1000, "headpose": 0.017571416678559628, "pose": 1000, "word": 1000, "speaker": 1000, "bite": 1000}, "w1_vel": {"gaze": 1000, "headpose": 0.01264198807062571, "pose": 1000, "word": 1000, "speaker": 1000, "bite": 1000}, "l2": {"gaze": 0, "headpose": 0.0021373049821704626, "pose": 0, "word": 0, "speaker": 0, "bite": 0}, "accuracy": {"speaker": 0.0, "bite": 0.0}, "f1": {"speaker": 0.0, "bite": 0.0}, "feature_mask": "headpose_only", "feature_mask_list": [0.0, 1.0, 0.0, 0.0, 0.0, 0.0]}