{"pck": 0.0, "fid": {"gaze": 1000, "headpose": 0.0013884305953979492, "pose": 1000, "word": 1000, "speaker": 1000, "bite": 1000}, "w1_acc": {"gaze": 1000, "headpose": 0.016698777413063217, "pose": 1000, "word": 1000, "speaker": 1000, "bite": 1000}, "w1_vel": {"gaze": 1000, "headpose": 0.012942301751384245, "pose": 1000, "word": 1000, "speaker": 1000, "bite": 1000}, "l2": {"gaze": 0, "headpose": 0.0014474937925115228, "pose": 0, "word": 0, "speaker": 0, "bite": 0}, "accuracy": {"speaker": 0.0, "bite": 0.0}, "f1": {"speaker": 0.0, "bite": 0.0}, "feature_mask": "headpose_only", "feature_mask_list": [0.0, 1.0, 0.0, 0.0, 0.0, 0.0]}