{"pck": 0.4842532277107239, "fid": {"gaze": 0.005056146532297134, "headpose": 0.006285473704338074, "pose": 0.007974088191986084, "word": 1000, "speaker": 1000, "bite": 1000}, "w1_acc": {"gaze": 0.059750164270253564, "headpose": 0.013642886131725398, "pose": 11.099061919144985, "word": 1000, "speaker": 1000, "bite": 1000}, "w1_vel": {"gaze": 0.020629151220265676, "headpose": 0.009041454278653093, "pose": 9.11652896954236, "word": 1000, "speaker": 1000, "bite": 1000}, "l2": {"gaze": 0.004459160380065441, "headpose": 0.0017494931817054749, "pose": 0.002310805022716522, "word": 0, "speaker": 0, "bite": 0}, "accuracy": {"speaker": 0.0, "bite": 1.0}, "f1": {"speaker": 0.0, "bite": 1.0}, "feature_mask": "mask_speaker", "feature_mask_list": [1.0, 1.0, 1.0, 1.0, 0.0, 1.0]}