{"pck": 0.4500766694545746, "fid": {"gaze": 0.00507679209113121, "headpose": 0.004505619406700134, "pose": 0.015109658241271973, "word": 1000, "speaker": 1000, "bite": 1000}, "w1_acc": {"gaze": 0.07377197632299674, "headpose": 0.02231121344641757, "pose": 11.47691406010209, "word": 1000, "speaker": 1000, "bite": 1000}, "w1_vel": {"gaze": 0.0269308001235712, "headpose": 0.01261557217882513, "pose": 9.5785914305736, "word": 1000, "speaker": 1000, "bite": 1000}, "l2": {"gaze": 0.004108763299882412, "headpose": 0.0015937418211251497, "pose": 0.002839465392753482, "word": 0, "speaker": 0, "bite": 0}, "accuracy": {"speaker": 0.0, "bite": 1.0}, "f1": {"speaker": 0.0, "bite": 1.0}, "feature_mask": "mask_speaker", "feature_mask_list": [1.0, 1.0, 1.0, 1.0, 0.0, 1.0]}