{"pck": 0.4409991502761841, "fid": {"gaze": 0.0031123086810112, "headpose": 0.006713271141052246, "pose": 0.01166805624961853, "word": 1000, "speaker": 1000, "bite": 1000}, "w1_acc": {"gaze": 0.045841278430564174, "headpose": 0.023573747680890655, "pose": 9.691507469365272, "word": 1000, "speaker": 1000, "bite": 1000}, "w1_vel": {"gaze": 0.014553727731438582, "headpose": 0.014207470909278118, "pose": 8.181050728372158, "word": 1000, "speaker": 1000, "bite": 1000}, "l2": {"gaze": 0.0036886350717395544, "headpose": 0.0017462939722463489, "pose": 0.0028383769094944, "word": 0, "speaker": 0, "bite": 0}, "accuracy": {"speaker": 0.0, "bite": 1.0}, "f1": {"speaker": 0.0, "bite": 1.0}, "feature_mask": "mask_speaker", "feature_mask_list": [1.0, 1.0, 1.0, 1.0, 0.0, 1.0]}