{"pck": 0.49901264905929565, "fid": {"gaze": 0.0025771111249923706, "headpose": 0.008177012205123901, "pose": 0.008667141199111938, "word": 1000, "speaker": 1000, "bite": 1000}, "w1_acc": {"gaze": 0.0491242737274483, "headpose": 0.0385584873680111, "pose": 9.606798537488338, "word": 1000, "speaker": 1000, "bite": 1000}, "w1_vel": {"gaze": 0.015190295846253012, "headpose": 0.021198373741881105, "pose": 7.5679798743290805, "word": 1000, "speaker": 1000, "bite": 1000}, "l2": {"gaze": 0.00319024664349854, "headpose": 0.002309641567990184, "pose": 0.002571218181401491, "word": 0, "speaker": 0, "bite": 0}, "accuracy": {"speaker": 0.0, "bite": 1.0}, "f1": {"speaker": 0.0, "bite": 1.0}, "feature_mask": "mask_speaker", "feature_mask_list": [1.0, 1.0, 1.0, 1.0, 0.0, 1.0]}