{"pck": 0.42230430245399475, "fid": {"gaze": 0.0052509550005197525, "headpose": 0.026551514863967896, "pose": 0.026533305644989014, "word": 1000, "speaker": 1000, "bite": 1000}, "w1_acc": {"gaze": 0.061502782931354395, "headpose": 0.0178729009086153, "pose": 10.393552211419312, "word": 1000, "speaker": 1000, "bite": 1000}, "w1_vel": {"gaze": 0.020590052517763368, "headpose": 0.012072550557258623, "pose": 8.655996384567816, "word": 1000, "speaker": 1000, "bite": 1000}, "l2": {"gaze": 0.0038261732552200556, "headpose": 0.0024891644716262817, "pose": 0.003018383402377367, "word": 0, "speaker": 0, "bite": 0}, "accuracy": {"speaker": 1.0, "bite": 1.0}, "f1": {"speaker": 1.0, "bite": 1.0}, "feature_mask": "mask_word", "feature_mask_list": [1.0, 1.0, 1.0, 0.0, 1.0, 1.0]}