{"pck": 0.5056315660476685, "fid": {"gaze": 0.0031918399035930634, "headpose": 0.010069876909255981, "pose": 0.010170474648475647, "word": 1000, "speaker": 1000, "bite": 1000}, "w1_acc": {"gaze": 0.05980537319823038, "headpose": 0.017081727796013618, "pose": 11.174283314269374, "word": 1000, "speaker": 1000, "bite": 1000}, "w1_vel": {"gaze": 0.019872388964140585, "headpose": 0.013572633730187012, "pose": 8.864031206888354, "word": 1000, "speaker": 1000, "bite": 1000}, "l2": {"gaze": 0.00353447999805212, "headpose": 0.002031764481216669, "pose": 0.002109353896230459, "word": 0, "speaker": 0, "bite": 0}, "accuracy": {"speaker": 1.0, "bite": 1.0}, "f1": {"speaker": 1.0, "bite": 1.0}, "feature_mask": "mask_word", "feature_mask_list": [1.0, 1.0, 1.0, 0.0, 1.0, 1.0]}