{"pck": 0.4431297481060028, "fid": {"gaze": 0.005056498572230339, "headpose": 1000, "pose": 0.01750454306602478, "word": 1000, "speaker": 1000, "bite": 1000}, "w1_acc": {"gaze": 0.06118405404119694, "headpose": 1000, "pose": 10.91284136402631, "word": 1000, "speaker": 1000, "bite": 1000}, "w1_vel": {"gaze": 0.020533019652574813, "headpose": 1000, "pose": 9.300751629323061, "word": 1000, "speaker": 1000, "bite": 1000}, "l2": {"gaze": 0.00382861215621233, "headpose": 0, "pose": 0.0028467460069805384, "word": 0, "speaker": 0, "bite": 0}, "accuracy": {"speaker": 1.0, "bite": 1.0}, "f1": {"speaker": 1.0, "bite": 1.0}, "feature_mask": "mask_headpose", "feature_mask_list": [1.0, 0.0, 1.0, 1.0, 1.0, 1.0]}