{"pck": 0.4443533420562744, "fid": {"gaze": 0.005317945033311844, "headpose": 1000, "pose": 0.01794435828924179, "word": 1000, "speaker": 1000, "bite": 1000}, "w1_acc": {"gaze": 0.06136333904191051, "headpose": 1000, "pose": 10.206701577542656, "word": 1000, "speaker": 1000, "bite": 1000}, "w1_vel": {"gaze": 0.020601340272331937, "headpose": 1000, "pose": 8.920800033300036, "word": 1000, "speaker": 1000, "bite": 1000}, "l2": {"gaze": 0.0041015418246388435, "headpose": 0, "pose": 0.0029165931046009064, "word": 0, "speaker": 0, "bite": 0}, "accuracy": {"speaker": 1.0, "bite": 1.0}, "f1": {"speaker": 1.0, "bite": 1.0}, "feature_mask": "mask_headpose", "feature_mask_list": [1.0, 0.0, 1.0, 1.0, 1.0, 1.0]}