{"pck": 0.0, "fid": {"gaze": 0.0012602731585502625, "headpose": 1000, "pose": 1000, "word": 1000, "speaker": 1000, "bite": 1000}, "w1_acc": {"gaze": 0.05891519195090628, "headpose": 1000, "pose": 1000, "word": 1000, "speaker": 1000, "bite": 1000}, "w1_vel": {"gaze": 0.019514745372020637, "headpose": 1000, "pose": 1000, "word": 1000, "speaker": 1000, "bite": 1000}, "l2": {"gaze": 0.0032203015871345997, "headpose": 0, "pose": 0, "word": 0, "speaker": 0, "bite": 0}, "accuracy": {"speaker": 0.0, "bite": 0.0}, "f1": {"speaker": 0.0, "bite": 0.0}, "feature_mask": "gaze_only", "feature_mask_list": [1.0, 0.0, 0.0, 0.0, 0.0, 0.0]}